typeid,posx,posy,dir
4961,1444,1384,8
4962,1454,1380,10
4963,1428,1387,8
4964,1413,1391,8
4965,1454,1393,8
4966,1437,1384,8
4967,1387,1411,10
4975,1357,1422,2
4979,1381,1426,12
4988,1345,1375,8
4995,1349,1453,4
4995,1362,1460,8
4995,1355,1442,2
5002,1351,1333,0
5002,1364,1347,14
5002,1340,1357,2
4988,1345,1389,8
4988,1361,1378,0
4979,1375,1460,10
4979,1376,1441,12
4975,1356,1405,2
4975,1370,1385,14
4968,1633,1367,6
4968,1632,1374,6
4968,1636,1380,4
4968,1628,1385,2
4968,1626,1367,8
4968,1660,1393,10
4968,1659,1386,12
4968,1668,1392,10
4968,1675,1388,14
4968,1671,1406,0
4968,1665,1411,2
4968,1680,1408,0
4968,1680,1400,4
4968,1659,1404,14
4968,1656,1441,10
4968,1663,1442,8
4968,1664,1450,8
4968,1671,1452,8
4968,1654,1454,10
4968,1662,1457,6
4968,1712,1403,12
4968,1716,1395,12
4968,1728,1393,12
4968,1735,1401,10
4968,1723,1397,10
4968,1738,1408,8
4968,1725,1416,4
4968,1764,1413,14
4968,1768,1420,14
4968,1762,1404,14
4968,1769,1408,14
4968,1747,1360,12
4968,1753,1347,12
4968,1761,1348,12
4968,1751,1354,12
4968,1768,1349,10
4968,1685,1334,4
4968,1696,1335,4
4968,1697,1329,4
4968,1688,1323,4
4968,1690,1340,4
4968,1658,1449,8
4968,1650,1436,6
4968,1668,1389,8
4968,1731,1398,2
4968,1679,1394,14
4968,1745,1412,14
4968,1761,1421,0
4968,1750,1348,0
4968,1735,1419,0
4968,1757,1354,4
4968,1741,1356,4
4968,1739,1378,12
4968,1740,1388,12
4968,1732,1375,12
4968,1746,1373,10
4968,1746,1396,0
4968,1696,1344,0
4968,1707,1332,14
4968,1688,1329,14
4968,1701,1339,14
4969,1814,1370,8
4969,1819,1367,6
4969,1820,1374,8
4969,1840,1422,6
4969,1853,1422,8
4969,1847,1413,14
4969,1842,1433,6
4969,1859,1464,6
4969,1855,1448,4
4969,1862,1439,10
4969,1879,1471,8
4969,1869,1468,8
4969,1866,1454,4
4969,1860,1415,4
4969,1868,1420,6
4969,1813,1343,14
4969,1823,1348,12
4969,1820,1343,12
4969,1808,1335,12
4969,1806,1367,10
4969,1864,1342,10
4969,1852,1343,12
4969,1859,1349,14
4969,1860,1376,12
4969,1849,1384,10
4969,1859,1388,8
4969,1852,1375,10
4969,1876,1335,14
4969,1885,1332,14
4969,1873,1345,14
4969,1884,1349,14
4969,1861,1335,0
4969,1872,1379,10
4969,1876,1371,10
4969,1901,1384,10
4969,1903,1371,10
4969,1911,1378,10
4969,1911,1366,12
4969,1929,1374,8
4969,1936,1364,8
4969,1929,1365,8
4969,1945,1362,8
4969,1934,1356,8
4969,1926,1333,0
4969,1935,1338,12
4969,1922,1344,14
4969,1944,1338,14
4969,1931,1348,4
4969,1927,1385,8
4969,1946,1376,10
4969,1890,1339,2
4969,1941,1346,2
4969,1899,1333,12
4969,1908,1336,14
4969,1902,1343,0
4969,1912,1330,12
4969,1916,1337,0
4970,1888,1445,0
4976,1941,1442,8
4976,1946,1449,6
4976,1965,1443,8
4976,1962,1450,2
4976,1954,1449,2
4976,1953,1473,4
4976,1958,1467,12
4976,1962,1473,12
4976,1964,1461,2
4976,1971,1476,6
4976,1961,1482,10
4976,1969,1482,14
4976,1949,1495,14
4976,1943,1509,0
4976,1936,1498,2
4976,1943,1502,0
4976,1950,1504,2
4976,1939,1488,8
4976,1946,1489,6
4976,1959,1490,8
4976,1968,1490,6
4976,1976,1489,10
4976,1978,1480,12
4976,1987,1491,8
4976,1994,1492,12
4976,1997,1485,12
4976,2002,1489,0
4976,2004,1485,12
4976,1991,1481,12
4976,1982,1465,12
4976,1976,1472,10
4976,1974,1462,10
4976,1986,1457,14
4976,1967,1457,10
4976,1949,1465,10
4976,1945,1471,10
4976,1938,1466,10
4976,1930,1470,10
4976,1938,1474,10
4976,1923,1466,10
4976,1918,1471,10
4976,1909,1478,10
4976,1913,1491,10
4976,1908,1457,10
4976,1911,1447,12
4976,1920,1435,10
4976,1911,1437,10
4976,1905,1475,10
4976,1915,1427,10
4969,1890,1465,10
4969,1873,1465,6
4969,1853,1433,8
4969,1890,1474,8
4969,1872,1441,10
4969,1901,1446,6
4969,1898,1456,4
4969,1866,1429,4
4973,1496,1415,8
4973,1496,1403,8
4973,1491,1381,8
4973,1516,1375,8
4973,1518,1407,8
4973,1488,1446,8
4973,1484,1473,8
4973,1457,1478,8
4973,1467,1502,8
4973,1442,1496,8
4973,1431,1481,8
4973,1467,1518,8
4973,1524,1538,8
4973,1514,1528,8
4973,1510,1552,8
4973,1540,1559,8
4973,1558,1527,8
4973,1538,1518,8
4973,1535,1489,8
4973,1553,1487,8
4973,1577,1540,8
4973,1540,1598,8
4973,1420,1561,8
4973,1467,1563,8
4973,1423,1518,8
4973,1476,1537,8
4973,1538,1436,8
4973,1566,1410,8
4973,1572,1450,8
4973,1546,1404,8
4973,1582,1496,8
4973,1607,1471,8
4973,1618,1505,8
4973,1615,1544,8
4972,1553,1441,8
4972,1563,1437,12
4972,1553,1427,8
4972,1539,1453,8
4972,1554,1470,8
4972,1536,1478,8
4972,1563,1455,8
4972,1579,1442,8
4972,1579,1457,8
4972,1567,1480,8
4972,1582,1489,8
4972,1593,1475,8
4972,1594,1491,8
4972,1606,1475,8
4972,1603,1500,6
4972,1595,1513,4
4972,1617,1505,6
4972,1606,1520,6
4972,1623,1521,8
4972,1608,1534,10
4972,1620,1540,14
4972,1607,1552,12
4972,1631,1512,14
4972,1632,1531,12
4972,1577,1532,10
4972,1591,1533,14
4972,1554,1532,12
4972,1553,1547,12
4972,1537,1527,14
4972,1529,1545,14
4972,1537,1489,10
4972,1526,1522,10
4972,1526,1505,14
4972,1542,1506,14
4972,1554,1491,12
4972,1557,1407,12
4972,1570,1423,14
4972,1542,1416,14
4972,1562,1395,6
4972,1548,1399,4
4972,1578,1430,6
4972,1578,1475,6
4972,1590,1455,12
4972,1473,1486,8
4972,1492,1447,6
4972,1493,1469,4
4972,1471,1464,4
4972,1485,1489,2
4972,1458,1478,0
4972,1476,1475,0
4972,1449,1490,0
4972,1439,1476,14
4972,1433,1491,14
4972,1430,1512,12
4972,1421,1501,12
4972,1463,1512,10
4972,1470,1530,6
4972,1466,1500,6
4972,1478,1512,6
4972,1477,1498,6
4972,1508,1527,4
4972,1502,1549,8
4972,1521,1538,6
4972,1526,1465,6
4972,1556,1484,6
4973,1600,1497,8
4973,1604,1522,8
4973,1627,1527,8
4973,1555,1542,8
4973,1471,1458,8
4973,1442,1473,8
4973,1484,1496,8
4972,1465,1474,8
4972,1441,1484,8
4972,1422,1483,8
4972,1459,1491,8
4972,1447,1502,8
4972,1420,1523,8
4971,1358,1514,8
4971,1338,1510,10
4971,1343,1525,12
4971,1355,1529,14
4971,1372,1521,10
4971,1320,1572,8
4971,1332,1585,4
4971,1318,1595,6
4971,1323,1556,4
4971,1333,1546,2
4971,1332,1567,2
4971,1443,1621,2
4971,1455,1611,4
4971,1458,1636,4
4971,1456,1663,8
4971,1463,1651,8
4971,1460,1624,12
4971,1446,1600,14
4971,1461,1601,0
4971,1448,1638,0
4971,1512,1640,14
4971,1515,1621,10
4971,1529,1633,10
4971,1530,1620,12
4971,1514,1607,12
4971,1502,1615,8
4971,1498,1635,10
4971,1535,1647,0
4971,1546,1653,14
4971,1545,1632,14
4971,1543,1614,10
4971,1529,1601,12
4971,1506,1597,0
4971,1539,1597,0
4971,1558,1606,14
4971,1557,1620,12
4971,1572,1604,12
4971,1576,1624,8
4971,1573,1643,12
4971,1565,1640,8
4971,1562,1654,10
4971,1585,1621,10
4971,1589,1638,12
4971,1590,1613,12
4974,1521,1603,8
4974,1525,1625,8
4974,1510,1621,8
4974,1536,1609,8
4974,1540,1641,8
4974,1560,1647,8
4974,1572,1630,8
4974,1559,1616,8
4974,1540,1624,8
4974,1523,1643,8
4974,1500,1650,8
4974,1556,1598,8
4974,1578,1607,8
4974,1593,1628,8
4974,1581,1652,8
4974,1444,1607,8
4974,1453,1624,8
4974,1444,1636,8
4974,1461,1643,8
4974,1461,1664,8
4974,1461,1605,8
4974,1332,1508,8
4974,1339,1527,8
4974,1366,1508,8
4974,1347,1537,8
4974,1339,1589,8
4974,1324,1581,8
4974,1324,1562,8
4977,1992,1470,12
4978,1967,1434,14
4978,1995,1469,12
4978,1995,1472,12
4978,1995,1466,12
4978,2007,1480,14
4978,1997,1458,12
4978,1956,1506,12
4978,1942,1432,0
4978,1938,1512,4
4978,1925,1493,4
4978,2008,1482,10
4978,2004,1480,0
4978,1995,1460,10
4978,1993,1454,0
4978,1971,1437,12
4978,1970,1434,14
4978,1924,1491,14
4978,1958,1505,12
4978,1982,1493,8
4978,1943,1434,12
4978,1941,1434,4
4978,1995,1493,2
4978,1996,1491,4
4978,1993,1494,0
4978,1984,1494,4
4978,1990,1453,8
4978,1934,1490,4
4978,1934,1492,4
4978,1935,1510,4
4976,1939,1493,4
4976,1939,1505,6
4976,1955,1509,14
4976,1959,1507,12
4976,1982,1490,10
4976,1992,1488,10
4976,2000,1481,12
4976,1991,1460,12
4976,1992,1456,14
4976,1937,1436,12
4976,1943,1437,0
4976,1948,1442,0
4976,1941,1452,0
4976,1958,1443,14
4980,1385,1667,8
4980,1382,1656,10
4980,1373,1652,10
4980,1371,1645,12
4980,1353,1643,8
4980,1363,1650,10
4980,1342,1630,6
4980,1356,1635,2
4980,1350,1617,2
4980,1358,1620,8
4980,1359,1610,8
4980,1367,1637,6
4980,1419,1658,6
4980,1424,1638,10
4980,1407,1633,10
4980,1418,1630,10
4980,1416,1642,10
4980,1418,1678,10
4980,1430,1663,12
4980,1391,1619,10
4980,1399,1629,6
4980,1404,1620,12
4980,1382,1614,12
4980,1392,1610,0
4980,1382,1600,6
4980,1378,1592,12
4980,1387,1593,0
4980,1428,1652,0
4980,1413,1669,12
4980,1392,1659,4
4980,1337,1704,6
4980,1330,1709,6
4980,1343,1689,2
4980,1359,1691,4
4980,1367,1704,4
4980,1347,1696,4
4980,1326,1698,7
4980,1317,1717,1
4980,1308,1714,13
4980,1312,1697,13
4981,1364,1715,6
4981,1321,1692,0
4981,1333,1717,10
4981,1351,1702,8
4981,1321,1709,8
4981,1337,1696,8
4981,1365,1695,6
4981,1300,1709,8
4981,1278,1718,4
4981,1288,1710,14
4981,1239,1741,6
4981,1246,1750,2
4981,1248,1740,4
4981,1244,1729,6
4981,1257,1744,2
4981,1257,1734,4
4981,1233,1731,8
4981,1224,1757,12
4981,1234,1758,14
4981,1204,1750,0
4981,1205,1731,0
4981,1214,1725,2
4981,1203,1719,6
4981,1175,1730,8
4981,1184,1723,6
4981,1192,1709,8
4981,1205,1710,4
4981,1180,1714,8
4981,1182,1735,12
4981,1192,1730,0
4981,1194,1720,10
4981,1212,1740,2
4981,1229,1689,0
4981,1249,1686,2
4981,1235,1677,4
4981,1249,1675,4
4981,1241,1659,6
4981,1253,1664,6
4981,1222,1683,14
4981,1230,1670,12
4981,1211,1679,12
4981,1201,1673,8
4981,1230,1657,8
4981,1212,1661,10
4980,1396,1712,10
4980,1402,1707,6
4980,1408,1716,6
4980,1402,1722,2
4980,1376,1746,6
4980,1293,1705,10
4980,1284,1717,14
4980,1283,1704,12
4981,1246,1720,8
4981,1229,1722,8
4983,1148,1715,12
4985,1237,1613,4
4985,1229,1605,0
4985,1232,1623,0
4985,1220,1624,12
4985,1226,1633,0
4985,1215,1642,14
4985,1236,1641,2
4985,1210,1628,10
4985,1217,1610,8
4985,1203,1602,8
4985,1195,1595,8
4985,1189,1614,12
4985,1204,1589,6
4985,1189,1580,8
4985,1182,1588,8
4985,1173,1599,8
4985,1174,1615,14
4985,1193,1634,6
4985,1191,1649,6
4985,1192,1662,2
4985,1199,1652,2
4985,1209,1579,14
4985,1218,1569,10
4985,1235,1568,6
4985,1245,1625,6
4985,1248,1644,2
4985,1226,1645,2
4985,1243,1589,2
4985,1252,1580,0
4985,1245,1574,4
4985,1230,1584,4
4985,1256,1570,0
4985,1228,1574,0
4985,1165,1631,4
4985,1163,1644,8
4985,1146,1618,10
4985,1159,1614,10
4985,1154,1628,10
4985,1147,1641,6
4985,1161,1656,8
4985,1145,1655,8
4985,1131,1643,12
4985,1140,1630,12
4985,1165,1699,8
4985,1155,1699,12
4985,1146,1691,8
4985,1173,1693,8
4985,1164,1685,8
4985,1167,1711,4
4985,1183,1700,6
4985,1139,1695,6
4986,1162,1765,10
4986,1164,1755,10
4986,1139,1756,8
4986,1142,1773,10
4986,1117,1758,8
4986,1083,1773,8
4986,1077,1790,10
4986,1095,1773,8
4986,1090,1781,8
4986,1076,1764,8
4986,1067,1774,8
4986,1091,1752,4
4986,1091,1765,4
4986,1058,1756,6
4986,1073,1746,6
4986,1060,1744,6
4986,1053,1734,6
4986,1066,1734,2
4986,1076,1738,2
4986,1118,1734,2
4986,1113,1746,0
4986,1126,1729,4
4986,1110,1734,2
4986,1117,1720,2
4986,1130,1721,2
4986,1138,1731,2
4986,1129,1711,2
4986,1148,1734,2
4986,1058,1719,2
4986,1079,1713,2
4986,1086,1699,4
4986,1089,1711,2
4986,1083,1705,2
4986,1072,1696,6
4986,1082,1692,2
4986,1093,1691,6
4986,1069,1704,6
4986,1072,1716,6
4986,1050,1722,6
4986,1048,1710,10
4986,1054,1712,10
4986,1057,1700,10
4986,1151,1745,10
4986,1130,1761,10
4986,1121,1770,10
4986,1133,1781,10
4986,1143,1787,10
4986,1163,1746,8
4986,1052,1754,8
4984,1070,1619,8
4984,1082,1622,8
4984,1085,1613,8
4984,1102,1609,8
4984,1105,1620,8
4984,1096,1637,8
4984,1093,1649,8
4984,1076,1645,8
4984,1057,1651,8
4984,1068,1626,8
4984,1048,1630,8
4984,1058,1617,8
4984,1071,1606,8
4984,1086,1598,8
4984,1101,1597,10
4984,1060,1601,8
4984,1062,1669,12
4984,1092,1671,0
4984,1109,1673,0
4984,1117,1658,0
4984,1120,1672,2
4984,1104,1659,2
4984,1073,1680,2
4984,1062,1688,14
4984,1055,1677,12
4984,1076,1669,2
4984,1078,1701,2
4984,1060,1706,14
4984,1058,1728,14
4984,1070,1710,14
4984,1046,1701,2
4984,1049,1662,4
4984,1076,1722,4
4984,1054,1717,0
4986,1065,1797,8
4986,1076,1779,8
4986,1083,1750,8
4986,1086,1738,8
4986,1133,1739,8
4986,1127,1749,8
4986,1081,1760,8
4986,1062,1764,8
4986,1070,1756,8
4986,1067,1723,8
4986,1110,1724,8
4986,1121,1707,8
4986,1152,1757,8
4986,1132,1790,8
4986,1123,1797,8
4986,1099,1798,8
4986,1154,1783,8
4984,1099,1699,4
4984,1050,1689,2
4984,1086,1681,0
4984,1102,1686,0
4984,1082,1634,0
4984,1114,1612,0
4984,1120,1599,4
4984,1093,1592,4
4984,1072,1592,14
4984,1095,1623,4
4984,1110,1632,4
4984,1119,1621,4
4984,1130,1634,2
4984,1131,1615,2
4984,1132,1604,2
4984,1146,1606,4
4984,1153,1596,2
4984,1115,1643,0
4984,1059,1634,0
4984,1070,1656,0
4984,1083,1652,0
4985,1238,1596,8
4985,1255,1619,10
4985,1221,1657,10
4985,1200,1669,10
4985,1211,1651,10
4985,1165,1591,10
4985,1185,1571,10
4985,1201,1572,14
4985,1173,1577,2
4985,1255,1601,0
4985,1248,1608,0
4985,1219,1593,0
4985,1202,1623,2
4985,1181,1623,4
4985,1176,1636,0
4985,1172,1652,0
4985,1219,1669,0
4985,1241,1666,2
4981,1235,1774,12
4981,1191,1779,12
4981,1188,1766,12
4981,1224,1785,0
4981,1222,1769,0
4981,1202,1770,0
4981,1206,1783,0
4981,1210,1759,14
4981,1179,1758,14
4981,1243,1785,14
4981,1247,1765,2
4981,1216,1778,14
4981,1188,1757,14
4981,1221,1750,14
4981,1201,1737,12
4981,1229,1743,8
4981,1254,1724,0
4981,1225,1731,12
4980,1389,1760,6
4980,1400,1755,6
4980,1381,1772,10
4980,1401,1779,8
4980,1340,1771,6
4980,1333,1752,10
4980,1342,1757,8
4980,1342,1747,8
4981,1408,1753,6
4981,1396,1744,8
4981,1397,1768,2
4981,1338,1761,4
4981,1367,1754,8
4981,1368,1768,12
4981,1386,1749,12
4980,1376,1778,8
4980,1390,1778,4
4980,1409,1771,6
4980,1415,1760,8
4980,1379,1760,8
4980,1296,1743,8
4980,1322,1743,8
4980,1311,1739,8
4980,1320,1750,8
4980,1334,1741,8
4980,1283,1744,8
4980,1292,1736,8
4980,1302,1700,8
4980,1311,1706,4
4980,1358,1698,4
4981,1160,1773,8
4981,1142,1762,12
4981,1173,1744,12
4981,1173,1765,12
4981,1180,1784,12
4981,1194,1788,14
4981,1160,1737,2
4981,1169,1732,2
4981,1172,1718,2
4987,1219,1878,6
4987,1224,1822,10
4987,1228,1814,10
4987,1215,1823,10
4987,1219,1832,6
4987,1254,1938,0
4987,1228,1828,12
4987,1263,1927,0
4987,1237,1825,8
4987,1228,1804,0
4987,1206,1811,2
4987,1214,1811,0
4987,1241,1852,2
4987,1192,1827,6
4987,1198,1826,0
4987,1197,1837,2
4987,1200,1797,0
4987,1207,1824,12
4987,1212,1832,12
4987,1223,1842,10
4987,1234,1844,6
4987,1236,1835,2
4987,1249,1832,10
4987,1252,1818,4
4987,1244,1814,0
4987,1237,1810,0
4987,1253,1919,8
4987,1239,1916,2
4987,1250,1847,6
4987,1261,1857,0
4987,1249,1859,10
4987,1234,1860,4
4987,1244,1927,4
4987,1229,1908,8
4987,1243,1841,4
4987,1267,1845,2
4987,1264,1833,12
4987,1215,1895,12
4987,1258,1840,8
4987,1249,1903,9
4987,1217,1802,13
4987,1245,1912,9
4987,1254,1868,3
4987,1240,1870,3
4987,1236,1886,7
4987,1194,1806,15
4987,1254,1894,9
4987,1249,1884,5
4987,1206,1803,5
4987,1260,1915,13
4987,1232,1875,13
4987,1194,1842,9
4987,1187,1842,1
4987,1225,1888,1
4987,1180,1833,7
4987,1236,1897,3
4987,1191,1815,11
4987,1185,1798,1
4987,1182,1820,1
4987,1179,1805,1
4991,1212,1852,8
4991,1225,1849,6
4991,1215,1840,10
4991,1221,1855,8
4991,1217,1848,6
4991,1203,1846,10
4991,1207,1838,10
4991,1206,1862,14
4991,1217,1867,2
4991,1209,1872,14
4991,1152,1861,2
4991,1149,1848,2
4991,1159,1844,6
4991,1168,1855,4
4991,1170,1844,14
4991,1163,1867,14
4991,1143,1847,14
4991,1137,1840,2
4991,1162,1810,2
4991,1102,1857,6
4991,1142,1831,6
4991,1139,1818,6
4991,1153,1813,10
4991,1170,1816,8
4991,1177,1822,4
4991,1134,1834,4
4991,1108,1818,4
4991,1097,1827,4
4991,1093,1839,14
4991,1084,1825,14
4991,1076,1813,14
4991,1076,1825,14
4991,1097,1812,4
4991,1086,1801,0
4991,1065,1807,4
4991,1063,1819,0
4991,1067,1830,0
4991,1069,1846,0
4991,1098,1847,12
4991,1082,1841,12
4991,1078,1858,8
4991,1093,1857,12
4991,1104,1868,10
4991,1112,1871,14
4991,1087,1886,12
4991,1098,1890,0
4991,1090,1879,0
4991,1092,1897,0
4991,1100,1907,6
4991,1087,1908,2
4991,1071,1888,14
4991,1080,1878,2
4991,1094,1866,2
4991,1115,1861,2
4991,1108,1847,2
4991,1104,1830,14
4991,1142,1856,0
4991,1145,1868,0
4991,1228,1866,0
4991,1188,1892,0
4991,1182,1903,0
4991,1199,1906,14
4991,1196,1914,0
4991,1175,1915,4
4991,1171,1905,4
4991,1187,1930,6
4991,1205,1923,10
4991,1204,1896,10
4991,1177,1892,10
4991,1198,1885,10
4991,1184,1885,10
4992,1108,1937,8
4992,1118,1932,6
4992,1132,1938,10
4992,1143,1939,6
4992,1128,1945,6
4992,1132,1953,8
4992,1132,1962,0
4992,1141,1958,2
4992,1151,1951,4
4992,1118,1961,0
4992,1102,1949,12
4992,1179,1907,12
4992,1190,1905,8
4992,1176,1897,8
4992,1162,1911,10
4992,1167,1899,14
4992,1170,1920,14
4992,1192,1931,2
4992,1205,1925,2
4992,1209,1911,6
4992,1192,1887,6
4992,1171,1877,8
4992,1188,1868,8
4992,1196,1860,4
4992,1181,1861,8
4992,1181,1850,10
4992,1188,1856,10
4992,1197,1849,6
4992,1178,1871,6
4992,1197,1872,4
4992,1187,1877,4
4992,1170,1861,10
4992,1173,1850,10
4992,1152,1899,10
4992,1154,1886,14
4992,1121,1911,14
4992,1134,1922,10
4992,1133,1912,10
4992,1110,1908,6
4992,1125,1902,10
4992,1118,1922,14
4992,1108,1920,14
4992,1098,1931,14
4992,1107,1901,14
4992,1117,1886,10
4992,1125,1889,6
4992,1124,1875,6
4992,1142,1926,4
4992,1150,1875,10
4992,1161,1878,10
4992,1165,1889,12
4992,1094,1886,12
4992,1089,1874,14
4992,1083,1882,14
4992,1086,1902,14
4992,1076,1862,14
4992,1100,1839,4
4992,1202,1880,2
4992,1212,1868,2
4992,1212,1859,6
4992,1187,1888,6
4994,1139,2004,6
4994,1116,1998,4
4994,1126,1999,4
4994,1136,1990,4
4994,1143,1976,4
4994,1165,1989,4
4994,1159,1976,6
4994,1170,1982,6
4994,1173,1969,10
4994,1150,1964,6
4994,1155,1942,8
4994,1181,1949,10
4994,1175,1939,12
4994,1191,1941,12
4994,1208,1940,8
4994,1194,1955,12
4994,1213,1971,8
4994,1205,1962,8
4994,1208,1952,6
4994,1220,1936,10
4994,1201,1931,10
4994,1226,1949,2
4994,1233,1962,6
4994,1235,1950,6
4994,1232,1974,6
4994,1129,1979,6
4994,1119,1984,4
4994,1105,1996,8
4994,1109,2012,4
4994,1120,2018,0
4994,1130,2011,0
4994,1151,2018,12
4994,1149,2001,0
4994,1167,2022,0
4994,1175,2007,12
4994,1189,2022,12
4994,1185,2006,8
4994,1179,2016,2
4994,1181,1989,10
4994,1161,1955,10
4994,1098,2000,0
4994,1094,1980,0
4994,1099,1972,0
4994,1110,1975,6
4994,1120,1968,12
4994,1052,1989,8
4994,1059,2003,14
4994,1065,1991,14
4994,1070,2008,6
4994,1080,1976,10
4994,1065,1973,10
4994,1093,2015,10
4994,1078,1963,10
4994,1088,1968,8
4994,1052,1972,6
4994,1138,2022,6
4989,1570,1399,8
4990,1069,1955,4
4990,1083,1950,8
4990,1099,1940,4
4990,1076,1935,8
4990,1065,1944,14
4990,1078,1942,14
4990,1051,1947,4
4990,1057,1958,0
4990,1052,1933,12
4990,1064,1932,6
4990,1085,1931,6
4990,1092,1921,6
4990,1077,1920,10
4990,1091,1913,10
4990,1061,1919,10
4990,1068,1911,4
4990,1052,1914,6
4990,1058,1905,6
4990,1070,1896,10
4990,1052,1891,10
4990,1067,1885,4
4990,1061,1894,4
4990,1047,1882,6
4990,1066,1874,10
4990,1054,1873,10
4990,1067,1863,10
4990,1049,1860,4
4990,1062,1853,8
4990,1057,1863,8
4990,1055,1841,6
4990,1066,1834,10
4990,1065,1841,10
4990,1051,1824,6
4990,1060,1828,10
4990,1064,1814,10
4990,1054,1812,8
4990,1074,1800,8
4990,1087,1796,8
4990,1087,1786,10
4990,1070,1789,10
4990,1077,1784,10
4990,1062,1783,6
4990,1056,1799,6
4990,1064,1796,6
4990,1096,1804,6
4990,1088,1842,8
4990,1089,1863,8
4990,1092,1831,12
4990,1089,1892,8
4990,1055,1978,8
4990,1068,1965,4
4990,1159,1899,8
4990,1126,1929,8
4990,1114,1903,4
4990,1149,1889,2
4990,1154,1878,14
4990,1118,1891,2
4990,1139,1934,4
4990,1165,1916,2
4990,1175,1928,0
4990,1112,1923,0
4998,1079,2001,14
5005,1293,1979,8
5005,1297,1968,8
5005,1301,1974,8
5005,1296,1963,8
5005,1304,1962,8
5005,1310,1968,8
5005,1305,1982,8
5005,1316,1979,8
5005,1317,1967,8
5005,1296,1955,8
5005,1283,1980,8
5005,1294,1986,8
5005,1300,2007,8
5005,1292,2016,8
5005,1299,2022,8
5005,1315,2016,8
5005,1308,2022,8
5005,1312,2007,8
5005,1316,2023,8
5005,1321,2006,8
5005,1330,2017,8
5005,1331,2028,8
5005,1342,2024,8
5005,1341,2013,8
5005,1331,2007,8
5005,1333,1999,8
5005,1342,2004,8
5005,1351,2005,8
5005,1360,2018,8
5005,1369,2015,8
5005,1356,1997,8
5005,1361,2006,8
5005,1371,2003,8
5005,1363,1996,8
5005,1330,1974,8
5005,1336,1966,8
5005,1337,1974,8
5005,1342,1972,8
5005,1349,1974,8
5005,1309,1959,8
5005,1311,1976,8
5005,1347,1956,8
5005,1348,1946,8
5005,1328,1921,8
5005,1371,1903,8
5005,1373,1940,8
5005,1384,1906,8
5005,1378,1912,8
5005,1355,1950,8
5005,1358,1967,8
5005,1344,1938,8
5005,1387,1915,8
5005,1367,1916,8
5005,1373,1930,8
5005,1366,1931,8
5005,1380,1928,8
5005,1366,1909,8
5005,1376,1922,8
5005,1385,1924,8
5005,1336,1948,8
5005,1331,1941,8
5005,1322,1933,8
5005,1347,1931,8
5005,1334,1935,8
5005,1362,1921,8
5006,1461,1925,8
5006,1470,1918,10
5006,1464,1912,6
5006,1440,1947,8
5006,1446,1956,6
5006,1430,1958,10
5006,1441,1967,14
5006,1426,1975,14
5006,1460,1935,14
5006,1449,1929,14
5006,1466,1899,0
5006,1483,1912,4
5006,1483,1897,4
5006,1496,1905,0
5006,1499,1888,12
5006,1502,1898,12
5006,1512,1885,2
5006,1478,1880,6
5006,1510,1867,8
5006,1495,1848,4
5006,1496,1860,0
5006,1499,1872,12
5006,1481,1869,0
5006,1485,1845,0
5006,1511,1846,0
5006,1440,1932,14
5006,1424,1985,0
5006,1459,1834,14
5006,1470,1831,10
5006,1465,1821,14
5006,1480,1824,14
5006,1489,1826,2
5006,1483,1817,0
5006,1471,1813,0
5006,1460,1812,4
5006,1451,1817,4
5006,1457,1806,8
5006,1445,1833,6
5006,1439,1817,6
5006,1439,1808,8
5006,1480,1833,8
5006,1432,1835,8
5006,1416,1833,8
5006,1419,1817,10
5006,1427,1823,10
5006,1426,1810,4
5006,1413,1808,8
5006,1404,1818,12
5006,1404,1833,0
5006,1406,1847,12
5006,1394,1837,12
5006,1394,1824,2
5006,1412,1823,2
5006,1424,1838,2
5009,1368,1904,12
5009,1361,1909,8
5009,1298,1835,8
5009,1302,1853,6
5009,1305,1862,0
5009,1313,1860,4
5009,1322,1876,6
5009,1319,1865,6
5009,1313,1877,6
5009,1318,1885,2
5009,1310,1896,2
5009,1310,1909,6
5009,1284,1883,10
5009,1296,1883,10
5009,1335,1922,14
5009,1295,1856,10
5009,1309,1852,10
5009,1292,1849,8
5009,1283,1863,12
5009,1273,1868,12
5009,1277,1859,0
5009,1283,1871,12
5009,1364,1916,12
5009,1279,1877,14
5009,1287,1892,10
5009,1275,1890,0
5009,1287,1901,14
5009,1306,1929,14
5009,1270,1885,14
5009,1299,1903,2
5009,1304,1873,14
5009,1296,1869,14
5009,1365,1897,2
5009,1302,1915,2
5009,1291,1917,0
5009,1300,1937,0
5009,1290,1935,12
5009,1298,1922,12
5009,1286,1910,0
5009,1278,1902,12
5009,1277,1924,12
5009,1330,1899,14
5009,1361,1875,0
5009,1353,1866,0
5009,1363,1864,12
5009,1371,1867,0
5009,1365,1852,12
5009,1375,1854,14
5009,1375,1840,2
5009,1336,1913,2
5009,1368,1832,12
5009,1365,1842,12
5009,1352,1847,12
5009,1357,1856,0
5009,1353,1837,0
5009,1344,1846,12
5009,1344,1830,12
5009,1355,1827,8
5009,1369,1821,12
5009,1377,1816,0
5009,1377,1826,0
5009,1372,1813,12
5009,1381,1807,2
5009,1383,1797,2
5009,1390,1797,14
5009,1362,1827,14
5009,1369,1882,12
5009,1379,1872,14
5009,1380,1861,14
5007,1489,1953,8
5007,1489,1963,12
5007,1497,1978,0
5007,1505,1956,2
5007,1514,1944,2
5007,1487,1940,12
5007,1477,1965,12
5007,1509,1975,14
5007,1483,1982,14
5007,1502,1993,0
5007,1483,2011,14
5007,1493,2006,14
5007,1471,1998,12
5007,1466,1980,14
5007,1464,1969,14
5007,1456,1979,14
5007,1447,2009,12
5007,1454,2018,0
5007,1468,2017,2
5007,1460,2004,14
5007,1437,2018,14
5007,1442,2002,10
5007,1427,2019,10
5007,1422,2004,14
5007,1413,2020,10
5007,1415,2003,12
5007,1414,1996,12
5007,1402,1999,2
5007,1405,1991,2
5007,1399,1992,14
5007,1392,2023,12
5007,1402,2017,8
5007,1404,2023,8
5007,1429,2005,8
5007,1458,2011,8
5007,1472,2008,8
5007,1494,1983,10
5007,1484,1973,10
5007,1503,1965,10
5007,1501,1936,12
5007,1395,1976,12
5007,1405,1970,12
5007,1405,1961,12
5007,1418,1957,6
5007,1413,1951,6
5007,1418,1945,0
5007,1412,1967,0
5007,1429,1911,14
5008,1494,1951,14
5009,1323,1928,8
5009,1358,1901,8
5009,1326,1913,8
5006,1439,1869,8
5006,1439,1882,6
5006,1459,1880,4
5006,1450,1869,4
5006,1439,1861,0
5006,1430,1872,0
5007,1439,1906,8
5007,1438,1895,12
5007,1446,1901,6
5007,1428,1890,10
5007,1424,1901,12
4993,1456,1714,0
4993,1466,1713,14
4993,1458,1721,10
4993,1476,1708,14
4993,1465,1702,14
4993,1475,1697,2
4993,1467,1690,8
4993,1500,1704,14
4993,1513,1704,2
4993,1511,1686,4
4993,1502,1690,10
4993,1527,1703,14
4993,1520,1694,4
4993,1523,1685,10
4993,1538,1699,10
4993,1539,1691,0
4993,1532,1678,0
4993,1543,1676,4
4993,1556,1677,14
4993,1553,1688,14
4993,1557,1698,14
4993,1572,1698,14
4993,1584,1701,4
4993,1578,1675,4
4993,1572,1689,0
4993,1567,1679,0
4993,1588,1688,0
4999,1681,1711,12
4999,1690,1715,0
4999,1700,1708,10
4999,1678,1690,12
4999,1697,1689,8
4999,1689,1680,8
4999,1687,1691,8
4999,1686,1701,10
4999,1743,1715,2
4999,1707,1685,14
4999,1736,1723,14
4999,1725,1700,14
4999,1708,1703,2
4999,1715,1680,6
4999,1717,1692,6
4999,1707,1668,10
4999,1691,1670,6
4999,1697,1666,12
4999,1706,1657,0
4999,1697,1644,0
4999,1700,1635,14
4999,1683,1642,10
4999,1689,1652,6
4999,1686,1661,2
4999,1697,1626,6
4999,1686,1631,4
4999,1703,1619,6
4999,1634,1699,10
4999,1632,1713,10
4999,1643,1706,12
4999,1651,1690,8
4999,1642,1686,8
4999,1633,1689,8
4999,1656,1675,8
4999,1653,1666,12
4999,1644,1673,12
4999,1633,1673,8
4999,1632,1661,2
4999,1644,1658,2
4999,1654,1652,14
4999,1647,1645,0
4999,1633,1649,12
4999,1654,1632,0
4999,1641,1626,14
4999,1662,1620,14
4999,1717,1707,0
4999,1635,1635,14
5000,1744,1666,8
5000,1761,1675,6
5000,1762,1658,2
5000,1751,1653,2
5000,1755,1664,6
5000,1749,1681,6
5000,1773,1683,8
5000,1729,1662,4
5000,1732,1649,8
5000,1744,1644,8
5000,1759,1631,6
5000,1738,1626,6
5000,1749,1618,8
5000,1762,1618,8
5000,1730,1619,8
5000,1748,1633,8
5000,1728,1605,10
5000,1740,1608,10
5000,1737,1596,10
5000,1794,1608,8
5000,1804,1621,12
5000,1802,1645,14
5000,1813,1641,14
5000,1823,1622,10
5000,1811,1600,10
5000,1838,1611,10
5000,1826,1586,12
5000,1826,1599,12
5000,1795,1590,12
5000,1811,1583,8
5000,1855,1604,8
5000,1838,1597,10
5000,1836,1578,8
5000,1833,1567,12
5000,1857,1562,12
5000,1882,1581,8
5000,1874,1553,12
5000,1874,1566,12
5000,1885,1558,12
5000,1880,1598,12
5000,1893,1579,12
5000,1844,1551,14
5000,1859,1549,14
5000,1827,1555,0
5000,1805,1563,0
5000,1818,1550,0
5000,1832,1541,14
5000,1841,1530,14
5000,1850,1539,2
5000,1867,1539,2
5000,1879,1544,0
5000,1830,1526,0
5000,1780,1586,8
5000,1792,1577,8
5000,1772,1574,4
5000,1780,1562,0
5000,1782,1573,0
5000,1803,1605,0
5000,1793,1627,0
5000,1804,1663,12
5000,1812,1655,12
5000,1820,1572,8
4993,1664,1751,10
4993,1678,1749,8
4993,1670,1740,8
4993,1684,1735,14
4993,1655,1752,14
4993,1687,1755,2
4993,1703,1752,2
4993,1679,1729,8
4993,1646,1746,10
4993,1661,1734,12
4999,1645,1612,8
4999,1662,1610,12
4999,1671,1606,6
4999,1663,1601,6
4999,1652,1605,6
4999,1668,1593,2
4999,1698,1611,2
4999,1703,1536,2
4999,1704,1524,4
4999,1725,1525,0
4999,1717,1517,0
4999,1726,1539,12
4999,1746,1527,12
4999,1749,1510,14
4999,1724,1505,14
4999,1698,1509,8
4999,1736,1488,8
4999,1759,1497,2
4999,1776,1507,2
5003,1849,1585,12
5001,1873,1758,6
5000,1798,1739,10
5000,1819,1733,8
5000,1807,1726,8
5000,1818,1749,12
5000,1831,1741,10
5000,1833,1724,10
5000,1845,1735,14
5000,1843,1719,14
5000,1858,1724,12
5000,1858,1739,12
5000,1871,1742,14
5000,1873,1731,8
5000,1866,1715,8
5000,1883,1723,4
5000,1890,1739,4
5000,1898,1745,8
5000,1901,1735,8
5000,1889,1755,8
5000,1818,1723,8
5000,1796,1723,8
5000,1780,1738,8
5000,1788,1747,10
5000,1838,1682,6
5000,1850,1681,6
5000,1848,1670,0
5000,1847,1661,0
5000,1860,1678,0
5000,1863,1664,0
5000,1879,1676,15
5000,1876,1661,15
5000,1888,1684,15
5000,1896,1672,15
5000,1903,1691,15
5000,1920,1703,15
5000,1915,1684,15
5000,1930,1692,15
5000,1911,1669,15
5000,1926,1677,15
5000,1904,1657,15
5000,1891,1653,15
5000,1876,1644,15
5000,1862,1650,15
5000,1854,1644,15
5000,1846,1650,15
5000,1867,1634,15
5000,1888,1639,15
5000,1882,1634,15
5000,1883,1625,15
5000,1933,1711,15
4999,1773,1497,8
4999,1769,1517,6
4999,1747,1486,8
4999,1785,1498,8
4999,1767,1488,8
4993,1702,1741,8
4993,1714,1748,10
4993,1725,1747,8
4993,1716,1736,8
4993,1730,1736,4
4993,1697,1725,12
4993,1731,1726,12
4993,1752,1719,12
4993,1747,1706,0
4993,1760,1710,4
4993,1744,1726,8
4993,1722,1722,8
5004,1449,1719,8
5004,1459,1745,8
5004,1492,1733,8
5004,1513,1743,8
5004,1509,1726,8
5004,1527,1733,8
5004,1539,1744,8
5004,1538,1727,8
5004,1500,1696,8
5004,1303,1898,8
5004,1307,1917,8
5004,1281,1890,8
5004,1294,1886,8
5004,1290,1876,8
5004,1356,1907,8
5004,1330,1929,8
5004,1336,1904,8
5004,1338,1944,8
5004,1307,1971,8
5004,1343,1981,8
5004,1347,1971,8
5004,1373,1933,8
5004,1383,1919,8
5004,1360,2005,8
5004,1369,2010,8
5004,1320,2015,8
5004,1334,1973,8
5004,1311,2014,8
5004,1359,1836,8
5004,1368,1861,8
5004,1398,1828,8
5004,1422,1813,8
5004,1420,1828,8
5004,1383,1806,8
5004,1473,1821,8
5004,1450,1833,8
5004,1436,1867,8
5004,1351,1852,8
5004,1302,1852,8
5004,1281,1877,8
5004,1581,1682,8
5004,1552,1690,8
5004,1613,1739,8
5004,1620,1745,8
5004,1592,1731,8
5004,1647,1700,8
5004,1684,1723,8
5004,1675,1739,8
5004,1706,1732,8
5004,1692,1684,8
5004,1709,1715,8
5004,1734,1718,8
5004,1722,1692,8
5004,1700,1684,8
5004,1656,1677,8
5004,1633,1678,8
5004,1635,1662,8
5004,1700,1651,8
5004,1638,1644,8
5004,1700,1626,8
5004,1662,1626,8
5004,1654,1609,8
5004,1642,1608,8
5004,1658,1598,8
5004,1707,1610,8
4938,1512,1756,8
5013,1459,1370,2
4971,1344,1547,8
4971,1348,1501,8
4971,1328,1596,8
4971,1317,1583,4
4971,1548,1607,4
4971,1525,1613,4
4971,1518,1633,4
5026,1555,1744,8
5027,1401,1402,10
5025,1668,1394,8
5025,1625,1372,6
5025,1624,1380,2
5025,1653,1446,4
5025,1658,1454,6
5025,1726,1397,6
5025,1731,1401,8
5025,1774,1413,12
5025,1772,1419,10
5025,1744,1381,12
5025,1754,1358,10
5025,1760,1352,10
5025,1685,1326,2
5025,1691,1320,0
5025,1808,1371,4
5025,1816,1376,6
5025,1748,1376,4
5025,1764,1394,6
5025,1666,1455,8
5030,1353,1729,2
5011,1919,1478,6
4976,1908,1423,8
4976,1921,1417,12
4976,1918,1409,14
4976,1908,1411,0
4976,1922,1450,10
5014,1398,1353,6
5015,1400,1358,6
5016,1405,1344,2
5017,1410,1344,0
5018,1399,1346,2
2071,1449,1338,14
5031,1982,1594,0
5032,1436,1341,0
5033,1430,1341,0
5034,1449,1375,10
5035,1435,1382,6
4973,1561,1402,8
4973,1557,1417,8
4973,1549,1460,8
4973,1594,1463,8
4973,1590,1442,8
4973,1564,1468,8
4973,1565,1493,8
4973,1627,1498,8
4973,1608,1489,8
4973,1611,1529,8
4973,1593,1550,8
4973,1580,1528,8
4973,1538,1541,8
4973,1548,1513,8
4973,1519,1565,8
4973,1451,1561,8
4973,1461,1534,8
4973,1439,1533,8
4973,1455,1498,8
4973,1407,1554,8
4973,1410,1530,8
4973,1517,1499,8
4973,1549,1368,8
4973,1484,1351,8
5036,1456,1338,6
5028,1077,1992,2
5420,1503,2005,8
5420,1507,1984,8
5420,1471,1972,8
5420,1501,1946,8
5420,1476,2026,8
5420,1451,2001,8
5420,1496,1971,8
5008,1304,1935,8
